ID,NAME,GROUP,ASSIGNMENT,URL
21408,Zfp354a,0,'cerebellum adult|cns e18|cortex adult|frontal lobe adult',https://www.ncbi.nlm.nih.gov/gene/21408
22640,Zfp1,0,'cerebellum adult|cns e18|cortex adult|frontal lobe adult',https://www.ncbi.nlm.nih.gov/gene/22640
22648,Zfp11,0,'cerebellum adult|cns e18|cortex adult|frontal lobe adult',https://www.ncbi.nlm.nih.gov/gene/22648
22678,Zfp2,0,'cerebellum adult|cns e18|cortex adult|frontal lobe adult',https://www.ncbi.nlm.nih.gov/gene/22678
22685,Zfp239,0,'cerebellum adult|cns e18|cortex adult|frontal lobe adult',https://www.ncbi.nlm.nih.gov/gene/22685
22689,Zfp27,0,'cerebellum adult|cns e18|cortex adult|frontal lobe adult',https://www.ncbi.nlm.nih.gov/gene/22689
22700,Zfp40,0,'cerebellum adult|cns e18|cortex adult|frontal lobe adult',https://www.ncbi.nlm.nih.gov/gene/22700
22704,Zfp46,0,'cerebellum adult|cns e18|cortex adult|frontal lobe adult',https://www.ncbi.nlm.nih.gov/gene/22704
22755,Zfp93,0,'cerebellum adult|cns e18|cortex adult|frontal lobe adult',https://www.ncbi.nlm.nih.gov/gene/22755
22762,Zfpm2,0,'cerebellum adult|cns e18|cortex adult|frontal lobe adult',https://www.ncbi.nlm.nih.gov/gene/22762
27274,Zfp354b,0,'cerebellum adult|cns e18|cortex adult|frontal lobe adult',https://www.ncbi.nlm.nih.gov/gene/27274
54678,Zfp108,0,'cerebellum adult|cns e18|cortex adult|frontal lobe adult',https://www.ncbi.nlm.nih.gov/gene/54678
56525,Zfp235,0,'cerebellum adult|cns e18|cortex adult|frontal lobe adult',https://www.ncbi.nlm.nih.gov/gene/56525
56869,Zfp109,0,'cerebellum adult|cns e18|cortex adult|frontal lobe adult',https://www.ncbi.nlm.nih.gov/gene/56869
57745,Zfp112,0,'cerebellum adult|cns e18|cortex adult|frontal lobe adult',https://www.ncbi.nlm.nih.gov/gene/57745
67607,Zfp788,0,'cerebellum adult|cns e18|cortex adult|frontal lobe adult',https://www.ncbi.nlm.nih.gov/gene/67607
69504,Zfp932,0,'cerebellum adult|cns e18|cortex adult|frontal lobe adult',https://www.ncbi.nlm.nih.gov/gene/69504
71063,Zfp597,0,'cerebellum adult|cns e18|cortex adult|frontal lobe adult',https://www.ncbi.nlm.nih.gov/gene/71063
71640,Zfp949,0,'cerebellum adult|cns e18|cortex adult|frontal lobe adult',https://www.ncbi.nlm.nih.gov/gene/71640
72720,Zfp248,0,'cerebellum adult|cns e18|cortex adult|frontal lobe adult',https://www.ncbi.nlm.nih.gov/gene/72720
72723,Zfp74,0,'cerebellum adult|cns e18|cortex adult|frontal lobe adult',https://www.ncbi.nlm.nih.gov/gene/72723
73229,Zfp983,0,'cerebellum adult|cns e18|cortex adult|frontal lobe adult',https://www.ncbi.nlm.nih.gov/gene/73229
73451,Zfp763,0,'cerebellum adult|cns e18|cortex adult|frontal lobe adult',https://www.ncbi.nlm.nih.gov/gene/73451
78251,Zfp712,0,'cerebellum adult|cns e18|cortex adult|frontal lobe adult',https://www.ncbi.nlm.nih.gov/gene/78251
101544,Zfp575,0,'cerebellum adult|cns e18|cortex adult|frontal lobe adult',https://www.ncbi.nlm.nih.gov/gene/101544
112415,Zfp607b,0,'cerebellum adult|cns e18|cortex adult|frontal lobe adult',https://www.ncbi.nlm.nih.gov/gene/112415
170740,Zfp287,0,'cerebellum adult|cns e18|cortex adult|frontal lobe adult',https://www.ncbi.nlm.nih.gov/gene/170740
170753,Zfp704,0,'cerebellum adult|cns e18|cortex adult|frontal lobe adult',https://www.ncbi.nlm.nih.gov/gene/170753
193043,Zfp3,0,'cerebellum adult|cns e18|cortex adult|frontal lobe adult',https://www.ncbi.nlm.nih.gov/gene/193043
210104,Zfp658,0,'cerebellum adult|cns e18|cortex adult|frontal lobe adult',https://www.ncbi.nlm.nih.gov/gene/210104
210105,Zfp719,0,'cerebellum adult|cns e18|cortex adult|frontal lobe adult',https://www.ncbi.nlm.nih.gov/gene/210105
210135,Zfp180,0,'cerebellum adult|cns e18|cortex adult|frontal lobe adult',https://www.ncbi.nlm.nih.gov/gene/210135
213011,Zfp583,0,'cerebellum adult|cns e18|cortex adult|frontal lobe adult',https://www.ncbi.nlm.nih.gov/gene/213011
216049,Zfp365,0,'cerebellum adult|cns e18|cortex adult|frontal lobe adult',https://www.ncbi.nlm.nih.gov/gene/216049
228491,Zfp770,0,'cerebellum adult|cns e18|cortex adult|frontal lobe adult',https://www.ncbi.nlm.nih.gov/gene/228491
232854,Zfp418,0,'cerebellum adult|cns e18|cortex adult|frontal lobe adult',https://www.ncbi.nlm.nih.gov/gene/232854
232855,Zfp772,0,'cerebellum adult|cns e18|cortex adult|frontal lobe adult',https://www.ncbi.nlm.nih.gov/gene/232855
233057,Zfp940,0,'cerebellum adult|cns e18|cortex adult|frontal lobe adult',https://www.ncbi.nlm.nih.gov/gene/233057
233058,Zfp420,0,'cerebellum adult|cns e18|cortex adult|frontal lobe adult',https://www.ncbi.nlm.nih.gov/gene/233058
233060,Zfp382,0,'cerebellum adult|cns e18|cortex adult|frontal lobe adult',https://www.ncbi.nlm.nih.gov/gene/233060
233147,Zfp939,0,'cerebellum adult|cns e18|cortex adult|frontal lobe adult',https://www.ncbi.nlm.nih.gov/gene/233147
234725,Zfp612,0,'cerebellum adult|cns e18|cortex adult|frontal lobe adult',https://www.ncbi.nlm.nih.gov/gene/234725
235682,Zfp445,0,'cerebellum adult|cns e18|cortex adult|frontal lobe adult',https://www.ncbi.nlm.nih.gov/gene/235682
237411,Zfp938,0,'cerebellum adult|cns e18|cortex adult|frontal lobe adult',https://www.ncbi.nlm.nih.gov/gene/237411
237775,Zfp867,0,'cerebellum adult|cns e18|cortex adult|frontal lobe adult',https://www.ncbi.nlm.nih.gov/gene/237775
238722,Zfp72,0,'cerebellum adult|cns e18|cortex adult|frontal lobe adult',https://www.ncbi.nlm.nih.gov/gene/238722
239652,Zfp641,0,'cerebellum adult|cns e18|cortex adult|frontal lobe adult',https://www.ncbi.nlm.nih.gov/gene/239652
240064,Zfp799,0,'cerebellum adult|cns e18|cortex adult|frontal lobe adult',https://www.ncbi.nlm.nih.gov/gene/240064
240068,Zfp563,0,'cerebellum adult|cns e18|cortex adult|frontal lobe adult',https://www.ncbi.nlm.nih.gov/gene/240068
241494,Zfp385b,0,'cerebellum adult|cns e18|cortex adult|frontal lobe adult',https://www.ncbi.nlm.nih.gov/gene/241494
241514,Zfp804a,0,'cerebellum adult|cns e18|cortex adult|frontal lobe adult',https://www.ncbi.nlm.nih.gov/gene/241514
241944,Zfp267,0,'cerebellum adult|cns e18|cortex adult|frontal lobe adult',https://www.ncbi.nlm.nih.gov/gene/241944
242747,Zfp933,0,'cerebellum adult|cns e18|cortex adult|frontal lobe adult',https://www.ncbi.nlm.nih.gov/gene/242747
243906,Zfp14,0,'cerebellum adult|cns e18|cortex adult|frontal lobe adult',https://www.ncbi.nlm.nih.gov/gene/243906
243937,Zfp536,0,'cerebellum adult|cns e18|cortex adult|frontal lobe adult',https://www.ncbi.nlm.nih.gov/gene/243937
244721,Zfp846,0,'cerebellum adult|cns e18|cortex adult|frontal lobe adult',https://www.ncbi.nlm.nih.gov/gene/244721
268670,Zfp759,0,'cerebellum adult|cns e18|cortex adult|frontal lobe adult',https://www.ncbi.nlm.nih.gov/gene/268670
330230,Zfp853,0,'cerebellum adult|cns e18|cortex adult|frontal lobe adult',https://www.ncbi.nlm.nih.gov/gene/330230
407812,Zfp941,0,'cerebellum adult|cns e18|cortex adult|frontal lobe adult',https://www.ncbi.nlm.nih.gov/gene/407812
432396,Zfp652os,0,'cerebellum adult|cns e18|cortex adult|frontal lobe adult',https://www.ncbi.nlm.nih.gov/gene/432396
619331,Zfp551,0,'cerebellum adult|cns e18|cortex adult|frontal lobe adult',https://www.ncbi.nlm.nih.gov/gene/619331
668917,Zfp133-ps,0,'cerebellum adult|cns e18|cortex adult|frontal lobe adult',https://www.ncbi.nlm.nih.gov/gene/668917
675812,Zfp605,0,'cerebellum adult|cns e18|cortex adult|frontal lobe adult',https://www.ncbi.nlm.nih.gov/gene/675812
18139,Zfp638,1,'cns e11.5|limb e14.5',https://www.ncbi.nlm.nih.gov/gene/18139
22643,Zfp101,1,'cns e11.5|limb e14.5',https://www.ncbi.nlm.nih.gov/gene/22643
22661,Zfp148,1,'cns e11.5|limb e14.5',https://www.ncbi.nlm.nih.gov/gene/22661
22680,Zfp207,1,'cns e11.5|limb e14.5',https://www.ncbi.nlm.nih.gov/gene/22680
22688,Zfp26,1,'cns e11.5|limb e14.5',https://www.ncbi.nlm.nih.gov/gene/22688
22690,Zfp28,1,'cns e11.5|limb e14.5',https://www.ncbi.nlm.nih.gov/gene/22690
22717,Zfp59,1,'cns e11.5|limb e14.5',https://www.ncbi.nlm.nih.gov/gene/22717
22720,Zfp62,1,'cns e11.5|limb e14.5',https://www.ncbi.nlm.nih.gov/gene/22720
22746,Zfp85,1,'cns e11.5|limb e14.5',https://www.ncbi.nlm.nih.gov/gene/22746
22750,Zfp9,1,'cns e11.5|limb e14.5',https://www.ncbi.nlm.nih.gov/gene/22750
24135,Zfp68,1,'cns e11.5|limb e14.5',https://www.ncbi.nlm.nih.gov/gene/24135
26465,Zfp146,1,'cns e11.5|limb e14.5',https://www.ncbi.nlm.nih.gov/gene/26465
26466,Zfp260,1,'cns e11.5|limb e14.5',https://www.ncbi.nlm.nih.gov/gene/26466
30046,Zfp292,1,'cns e11.5|limb e14.5',https://www.ncbi.nlm.nih.gov/gene/30046
30932,Zfp330,1,'cns e11.5|limb e14.5',https://www.ncbi.nlm.nih.gov/gene/30932
52397,Zfp644,1,'cns e11.5|limb e14.5',https://www.ncbi.nlm.nih.gov/gene/52397
52708,Zfp410,1,'cns e11.5|limb e14.5',https://www.ncbi.nlm.nih.gov/gene/52708
54367,Zfp326,1,'cns e11.5|limb e14.5',https://www.ncbi.nlm.nih.gov/gene/54367
56220,Zfp386,1,'cns e11.5|limb e14.5',https://www.ncbi.nlm.nih.gov/gene/56220
59057,Zfp24,1,'cns e11.5|limb e14.5',https://www.ncbi.nlm.nih.gov/gene/59057
67230,Zfp329,1,'cns e11.5|limb e14.5',https://www.ncbi.nlm.nih.gov/gene/67230
67778,Zfp639,1,'cns e11.5|limb e14.5',https://www.ncbi.nlm.nih.gov/gene/67778
69256,Zfp397,1,'cns e11.5|limb e14.5',https://www.ncbi.nlm.nih.gov/gene/69256
69623,Zfp33b,1,'cns e11.5|limb e14.5',https://www.ncbi.nlm.nih.gov/gene/69623
70081,Zfp995,1,'cns e11.5|limb e14.5',https://www.ncbi.nlm.nih.gov/gene/70081
70227,Zfp619,1,'cns e11.5|limb e14.5',https://www.ncbi.nlm.nih.gov/gene/70227
71163,Zfp626,1,'cns e11.5|limb e14.5',https://www.ncbi.nlm.nih.gov/gene/71163
72154,Zfp157,1,'cns e11.5|limb e14.5',https://www.ncbi.nlm.nih.gov/gene/72154
72465,Zfp131,1,'cns e11.5|limb e14.5',https://www.ncbi.nlm.nih.gov/gene/72465
72556,Zfp566,1,'cns e11.5|limb e14.5',https://www.ncbi.nlm.nih.gov/gene/72556
73233,Zfp942,1,'cns e11.5|limb e14.5',https://www.ncbi.nlm.nih.gov/gene/73233
73430,Zfp974,1,'cns e11.5|limb e14.5',https://www.ncbi.nlm.nih.gov/gene/73430
73610,Zfp433,1,'cns e11.5|limb e14.5',https://www.ncbi.nlm.nih.gov/gene/73610
73729,Zfp383,1,'cns e11.5|limb e14.5',https://www.ncbi.nlm.nih.gov/gene/73729
74149,Zfp946,1,'cns e11.5|limb e14.5',https://www.ncbi.nlm.nih.gov/gene/74149
74352,Zfp84,1,'cns e11.5|limb e14.5',https://www.ncbi.nlm.nih.gov/gene/74352
77519,Zfp266,1,'cns e11.5|limb e14.5',https://www.ncbi.nlm.nih.gov/gene/77519
77652,Zfp955a,1,'cns e11.5|limb e14.5',https://www.ncbi.nlm.nih.gov/gene/77652
78619,Zfp449,1,'cns e11.5|limb e14.5',https://www.ncbi.nlm.nih.gov/gene/78619
78834,Zfp623,1,'cns e11.5|limb e14.5',https://www.ncbi.nlm.nih.gov/gene/78834
80902,Zfp202,1,'cns e11.5|limb e14.5',https://www.ncbi.nlm.nih.gov/gene/80902
104348,Zfp120,1,'cns e11.5|limb e14.5',https://www.ncbi.nlm.nih.gov/gene/104348
104349,Zfp119a,1,'cns e11.5|limb e14.5',https://www.ncbi.nlm.nih.gov/gene/104349
170763,Zfp87,1,'cns e11.5|limb e14.5',https://www.ncbi.nlm.nih.gov/gene/170763
170938,Zfp617,1,'cns e11.5|limb e14.5',https://www.ncbi.nlm.nih.gov/gene/170938
208292,Zfp871,1,'cns e11.5|limb e14.5',https://www.ncbi.nlm.nih.gov/gene/208292
208968,Zfp280c,1,'cns e11.5|limb e14.5',https://www.ncbi.nlm.nih.gov/gene/208968
212276,Zfp748,1,'cns e11.5|limb e14.5',https://www.ncbi.nlm.nih.gov/gene/212276
212569,Zfp273,1,'cns e11.5|limb e14.5',https://www.ncbi.nlm.nih.gov/gene/212569
218100,Zfp322a,1,'cns e11.5|limb e14.5',https://www.ncbi.nlm.nih.gov/gene/218100
223669,Zfp7,1,'cns e11.5|limb e14.5',https://www.ncbi.nlm.nih.gov/gene/223669
224585,Zfp160,1,'cns e11.5|limb e14.5',https://www.ncbi.nlm.nih.gov/gene/224585
224694,Zfp81,1,'cns e11.5|limb e14.5',https://www.ncbi.nlm.nih.gov/gene/224694
224893,Zfp959,1,'cns e11.5|limb e14.5',https://www.ncbi.nlm.nih.gov/gene/224893
226442,Zfp281,1,'cns e11.5|limb e14.5',https://www.ncbi.nlm.nih.gov/gene/226442
230162,Zfp189,1,'cns e11.5|limb e14.5',https://www.ncbi.nlm.nih.gov/gene/230162
232337,Zfp637,1,'cns e11.5|limb e14.5',https://www.ncbi.nlm.nih.gov/gene/232337
232853,Zfp954,1,'cns e11.5|limb e14.5',https://www.ncbi.nlm.nih.gov/gene/232853
233056,Zfp790,1,'cns e11.5|limb e14.5',https://www.ncbi.nlm.nih.gov/gene/233056
233987,Zfp958,1,'cns e11.5|limb e14.5',https://www.ncbi.nlm.nih.gov/gene/233987
234358,Zfp930,1,'cns e11.5|limb e14.5',https://www.ncbi.nlm.nih.gov/gene/234358
234362,Zfp868,1,'cns e11.5|limb e14.5',https://www.ncbi.nlm.nih.gov/gene/234362
234413,Zfp961,1,'cns e11.5|limb e14.5',https://www.ncbi.nlm.nih.gov/gene/234413
235028,Zfp426,1,'cns e11.5|limb e14.5',https://www.ncbi.nlm.nih.gov/gene/235028
235469,Zfp280d,1,'cns e11.5|limb e14.5',https://www.ncbi.nlm.nih.gov/gene/235469
235907,Zfp65,1,'cns e11.5|limb e14.5',https://www.ncbi.nlm.nih.gov/gene/235907
235956,Zfp825,1,'cns e11.5|limb e14.5',https://www.ncbi.nlm.nih.gov/gene/235956
236193,Zfp709,1,'cns e11.5|limb e14.5',https://www.ncbi.nlm.nih.gov/gene/236193
238693,Zfp58,1,'cns e11.5|limb e14.5',https://www.ncbi.nlm.nih.gov/gene/238693
240034,Zfp760,1,'cns e11.5|limb e14.5',https://www.ncbi.nlm.nih.gov/gene/240034
240041,Zfp945,1,'cns e11.5|limb e14.5',https://www.ncbi.nlm.nih.gov/gene/240041
240066,Zfp870,1,'cns e11.5|limb e14.5',https://www.ncbi.nlm.nih.gov/gene/240066
240067,Zfp952,1,'cns e11.5|limb e14.5',https://www.ncbi.nlm.nih.gov/gene/240067
240476,Zfp407,1,'cns e11.5|limb e14.5',https://www.ncbi.nlm.nih.gov/gene/240476
244713,Zfp317,1,'cns e11.5|limb e14.5',https://www.ncbi.nlm.nih.gov/gene/244713
245174,Zfp937,1,'cns e11.5|limb e14.5',https://www.ncbi.nlm.nih.gov/gene/245174
246196,Zfp277,1,'cns e11.5|limb e14.5',https://www.ncbi.nlm.nih.gov/gene/246196
319535,Zfp182,1,'cns e11.5|limb e14.5',https://www.ncbi.nlm.nih.gov/gene/319535
319615,Zfp944,1,'cns e11.5|limb e14.5',https://www.ncbi.nlm.nih.gov/gene/319615
330502,Zfp82,1,'cns e11.5|limb e14.5',https://www.ncbi.nlm.nih.gov/gene/330502
331188,Zfp781,1,'cns e11.5|limb e14.5',https://www.ncbi.nlm.nih.gov/gene/331188
408062,Zfp873,1,'cns e11.5|limb e14.5',https://www.ncbi.nlm.nih.gov/gene/408062
408068,Zfp738,1,'cns e11.5|limb e14.5',https://www.ncbi.nlm.nih.gov/gene/408068
432769,Zfp708,1,'cns e11.5|limb e14.5',https://www.ncbi.nlm.nih.gov/gene/432769
434178,Zfp141,1,'cns e11.5|limb e14.5',https://www.ncbi.nlm.nih.gov/gene/434178
434377,Zfp560,1,'cns e11.5|limb e14.5',https://www.ncbi.nlm.nih.gov/gene/434377
620419,Zfp963,1,'cns e11.5|limb e14.5',https://www.ncbi.nlm.nih.gov/gene/620419
100043468,Zfp955b,1,'cns e11.5|limb e14.5',https://www.ncbi.nlm.nih.gov/gene/100043468
105245383,Zfp996,1,'cns e11.5|limb e14.5',https://www.ncbi.nlm.nih.gov/gene/105245383
22646,Zfp105,2,'liver adult|testis adult',https://www.ncbi.nlm.nih.gov/gene/22646
22654,Zfp13,2,'liver adult|testis adult',https://www.ncbi.nlm.nih.gov/gene/22654
22694,Zfp35,2,'liver adult|testis adult',https://www.ncbi.nlm.nih.gov/gene/22694
22696,Zfp37,2,'liver adult|testis adult',https://www.ncbi.nlm.nih.gov/gene/22696
22698,Zfp39,2,'liver adult|testis adult',https://www.ncbi.nlm.nih.gov/gene/22698
29813,Zfp385a,2,'liver adult|testis adult',https://www.ncbi.nlm.nih.gov/gene/29813
65020,Zfp110,2,'liver adult|testis adult',https://www.ncbi.nlm.nih.gov/gene/65020
66758,Zfp474,2,'liver adult|testis adult',https://www.ncbi.nlm.nih.gov/gene/66758
68271,Zfp85os,2,'liver adult|testis adult',https://www.ncbi.nlm.nih.gov/gene/68271
72020,Zfp654,2,'liver adult|testis adult',https://www.ncbi.nlm.nih.gov/gene/72020
74400,Zfp819,2,'liver adult|testis adult',https://www.ncbi.nlm.nih.gov/gene/74400
75424,Zfp820,2,'liver adult|testis adult',https://www.ncbi.nlm.nih.gov/gene/75424
98403,Zfp451,2,'liver adult|testis adult',https://www.ncbi.nlm.nih.gov/gene/98403
101197,Zfp956,2,'liver adult|testis adult',https://www.ncbi.nlm.nih.gov/gene/101197
105590,Zfp957,2,'liver adult|testis adult',https://www.ncbi.nlm.nih.gov/gene/105590
109910,Zfp91,2,'liver adult|testis adult',https://www.ncbi.nlm.nih.gov/gene/109910
228913,Zfp217,2,'liver adult|testis adult',https://www.ncbi.nlm.nih.gov/gene/228913
232976,Zfp574,2,'liver adult|testis adult',https://www.ncbi.nlm.nih.gov/gene/232976
233905,Zfp646,2,'liver adult|testis adult',https://www.ncbi.nlm.nih.gov/gene/233905
240186,Zfp438,2,'liver adult|testis adult',https://www.ncbi.nlm.nih.gov/gene/240186
278304,Zfp385c,2,'liver adult|testis adult',https://www.ncbi.nlm.nih.gov/gene/278304
338354,Zfp780b,2,'liver adult|testis adult',https://www.ncbi.nlm.nih.gov/gene/338354
433791,Zfp992,2,'liver adult|testis adult',https://www.ncbi.nlm.nih.gov/gene/433791
545938,Zfp607a,2,'liver adult|testis adult',https://www.ncbi.nlm.nih.gov/gene/545938
666528,Zfp541,2,'liver adult|testis adult',https://www.ncbi.nlm.nih.gov/gene/666528
100038371,Zfp389,2,'liver adult|testis adult',https://www.ncbi.nlm.nih.gov/gene/100038371
100416830,Zfp572,2,'liver adult|testis adult',https://www.ncbi.nlm.nih.gov/gene/100416830
100503000,Zfp993,2,'liver adult|testis adult',https://www.ncbi.nlm.nih.gov/gene/100503000
20402,Zfp106,3,'bladder adult|heart adult|liver e14|liver e14.5|liver e18|placenta adult',https://www.ncbi.nlm.nih.gov/gene/20402
22702,Zfp42,3,'bladder adult|heart adult|liver e14|liver e14.5|liver e18|placenta adult',https://www.ncbi.nlm.nih.gov/gene/22702
22709,Zfp51,3,'bladder adult|heart adult|liver e14|liver e14.5|liver e18|placenta adult',https://www.ncbi.nlm.nih.gov/gene/22709
22710,Zfp52,3,'bladder adult|heart adult|liver e14|liver e14.5|liver e18|placenta adult',https://www.ncbi.nlm.nih.gov/gene/22710
22712,Zfp54,3,'bladder adult|heart adult|liver e14|liver e14.5|liver e18|placenta adult',https://www.ncbi.nlm.nih.gov/gene/22712
22759,Zfp97,3,'bladder adult|heart adult|liver e14|liver e14.5|liver e18|placenta adult',https://www.ncbi.nlm.nih.gov/gene/22759
24132,Zfp53,3,'bladder adult|heart adult|liver e14|liver e14.5|liver e18|placenta adult',https://www.ncbi.nlm.nih.gov/gene/24132
64453,Zfp280b,3,'bladder adult|heart adult|liver e14|liver e14.5|liver e18|placenta adult',https://www.ncbi.nlm.nih.gov/gene/64453
66869,Zfp869,3,'bladder adult|heart adult|liver e14|liver e14.5|liver e18|placenta adult',https://www.ncbi.nlm.nih.gov/gene/66869
71508,Zfp935,3,'bladder adult|heart adult|liver e14|liver e14.5|liver e18|placenta adult',https://www.ncbi.nlm.nih.gov/gene/71508
72611,Zfp655,3,'bladder adult|heart adult|liver e14|liver e14.5|liver e18|placenta adult',https://www.ncbi.nlm.nih.gov/gene/72611
72672,Zfp518a,3,'bladder adult|heart adult|liver e14|liver e14.5|liver e18|placenta adult',https://www.ncbi.nlm.nih.gov/gene/72672
72807,Zfp429,3,'bladder adult|heart adult|liver e14|liver e14.5|liver e18|placenta adult',https://www.ncbi.nlm.nih.gov/gene/72807
74670,Zfp943,3,'bladder adult|heart adult|liver e14|liver e14.5|liver e18|placenta adult',https://www.ncbi.nlm.nih.gov/gene/74670
77117,Zfp934,3,'bladder adult|heart adult|liver e14|liver e14.5|liver e18|placenta adult',https://www.ncbi.nlm.nih.gov/gene/77117
112422,Zfp979,3,'bladder adult|heart adult|liver e14|liver e14.5|liver e18|placenta adult',https://www.ncbi.nlm.nih.gov/gene/112422
195531,Zfp982,3,'bladder adult|heart adult|liver e14|liver e14.5|liver e18|placenta adult',https://www.ncbi.nlm.nih.gov/gene/195531
210503,Zfp677,3,'bladder adult|heart adult|liver e14|liver e14.5|liver e18|placenta adult',https://www.ncbi.nlm.nih.gov/gene/210503
212281,Zfp729a,3,'bladder adult|heart adult|liver e14|liver e14.5|liver e18|placenta adult',https://www.ncbi.nlm.nih.gov/gene/212281
218314,Zfp595,3,'bladder adult|heart adult|liver e14|liver e14.5|liver e18|placenta adult',https://www.ncbi.nlm.nih.gov/gene/218314
224598,Zfp758,3,'bladder adult|heart adult|liver e14|liver e14.5|liver e18|placenta adult',https://www.ncbi.nlm.nih.gov/gene/224598
224691,Zfp472,3,'bladder adult|heart adult|liver e14|liver e14.5|liver e18|placenta adult',https://www.ncbi.nlm.nih.gov/gene/224691
235047,Zfp809,3,'bladder adult|heart adult|liver e14|liver e14.5|liver e18|placenta adult',https://www.ncbi.nlm.nih.gov/gene/235047
238673,Zfp367,3,'bladder adult|heart adult|liver e14|liver e14.5|liver e18|placenta adult',https://www.ncbi.nlm.nih.gov/gene/238673
238692,Zfp874a,3,'bladder adult|heart adult|liver e14|liver e14.5|liver e18|placenta adult',https://www.ncbi.nlm.nih.gov/gene/238692
240120,Zfp119b,3,'bladder adult|heart adult|liver e14|liver e14.5|liver e18|placenta adult',https://www.ncbi.nlm.nih.gov/gene/240120
243905,Zfp568,3,'bladder adult|heart adult|liver e14|liver e14.5|liver e18|placenta adult',https://www.ncbi.nlm.nih.gov/gene/243905
243963,Zfp473,3,'bladder adult|heart adult|liver e14|liver e14.5|liver e18|placenta adult',https://www.ncbi.nlm.nih.gov/gene/243963
244556,Zfp791,3,'bladder adult|heart adult|liver e14|liver e14.5|liver e18|placenta adult',https://www.ncbi.nlm.nih.gov/gene/244556
333473,Zfp36l3,3,'bladder adult|heart adult|liver e14|liver e14.5|liver e18|placenta adult',https://www.ncbi.nlm.nih.gov/gene/333473
353208,Zfp931,3,'bladder adult|heart adult|liver e14|liver e14.5|liver e18|placenta adult',https://www.ncbi.nlm.nih.gov/gene/353208
381066,Zfp948,3,'bladder adult|heart adult|liver e14|liver e14.5|liver e18|placenta adult',https://www.ncbi.nlm.nih.gov/gene/381066
381067,Zfp229,3,'bladder adult|heart adult|liver e14|liver e14.5|liver e18|placenta adult',https://www.ncbi.nlm.nih.gov/gene/381067
384763,Zfp667,3,'bladder adult|heart adult|liver e14|liver e14.5|liver e18|placenta adult',https://www.ncbi.nlm.nih.gov/gene/384763
408067,Zfp874b,3,'bladder adult|heart adult|liver e14|liver e14.5|liver e18|placenta adult',https://www.ncbi.nlm.nih.gov/gene/408067
414758,Zfp950,3,'bladder adult|heart adult|liver e14|liver e14.5|liver e18|placenta adult',https://www.ncbi.nlm.nih.gov/gene/414758
434179,Zfp975,3,'bladder adult|heart adult|liver e14|liver e14.5|liver e18|placenta adult',https://www.ncbi.nlm.nih.gov/gene/434179
449000,Zfp960,3,'bladder adult|heart adult|liver e14|liver e14.5|liver e18|placenta adult',https://www.ncbi.nlm.nih.gov/gene/449000
545490,Zfp973,3,'bladder adult|heart adult|liver e14|liver e14.5|liver e18|placenta adult',https://www.ncbi.nlm.nih.gov/gene/545490
626391,Zfp951,3,'bladder adult|heart adult|liver e14|liver e14.5|liver e18|placenta adult',https://www.ncbi.nlm.nih.gov/gene/626391
626848,Zfp971,3,'bladder adult|heart adult|liver e14|liver e14.5|liver e18|placenta adult',https://www.ncbi.nlm.nih.gov/gene/626848
627049,Zfp800,3,'bladder adult|heart adult|liver e14|liver e14.5|liver e18|placenta adult',https://www.ncbi.nlm.nih.gov/gene/627049
628308,Zfp970,3,'bladder adult|heart adult|liver e14|liver e14.5|liver e18|placenta adult',https://www.ncbi.nlm.nih.gov/gene/628308
630579,Zfp808,3,'bladder adult|heart adult|liver e14|liver e14.5|liver e18|placenta adult',https://www.ncbi.nlm.nih.gov/gene/630579
636741,Zfp964,3,'bladder adult|heart adult|liver e14|liver e14.5|liver e18|placenta adult',https://www.ncbi.nlm.nih.gov/gene/636741
666532,Zfp991,3,'bladder adult|heart adult|liver e14|liver e14.5|liver e18|placenta adult',https://www.ncbi.nlm.nih.gov/gene/666532
667962,Zfp966,3,'bladder adult|heart adult|liver e14|liver e14.5|liver e18|placenta adult',https://www.ncbi.nlm.nih.gov/gene/667962
100041677,Zfp984,3,'bladder adult|heart adult|liver e14|liver e14.5|liver e18|placenta adult',https://www.ncbi.nlm.nih.gov/gene/100041677
100043914,Zfp968,3,'bladder adult|heart adult|liver e14|liver e14.5|liver e18|placenta adult',https://www.ncbi.nlm.nih.gov/gene/100043914
100303732,Zfp967,3,'bladder adult|heart adult|liver e14|liver e14.5|liver e18|placenta adult',https://www.ncbi.nlm.nih.gov/gene/100303732
100416706,Zfp729b,3,'bladder adult|heart adult|liver e14|liver e14.5|liver e18|placenta adult',https://www.ncbi.nlm.nih.gov/gene/100416706
100503949,Zfp965,3,'bladder adult|heart adult|liver e14|liver e14.5|liver e18|placenta adult',https://www.ncbi.nlm.nih.gov/gene/100503949
102639505,Zfp969,3,'bladder adult|heart adult|liver e14|liver e14.5|liver e18|placenta adult',https://www.ncbi.nlm.nih.gov/gene/102639505
20841,Zfp143,4,'cns e14|whole brain e14.5',https://www.ncbi.nlm.nih.gov/gene/20841
22693,Zfp30,4,'cns e14|whole brain e14.5',https://www.ncbi.nlm.nih.gov/gene/22693
22701,Zfp41,4,'cns e14|whole brain e14.5',https://www.ncbi.nlm.nih.gov/gene/22701
22715,Zfp57,4,'cns e14|whole brain e14.5',https://www.ncbi.nlm.nih.gov/gene/22715
22718,Zfp60,4,'cns e14|whole brain e14.5',https://www.ncbi.nlm.nih.gov/gene/22718
22719,Zfp61,4,'cns e14|whole brain e14.5',https://www.ncbi.nlm.nih.gov/gene/22719
22751,Zfp90,4,'cns e14|whole brain e14.5',https://www.ncbi.nlm.nih.gov/gene/22751
22756,Zfp94,4,'cns e14|whole brain e14.5',https://www.ncbi.nlm.nih.gov/gene/22756
26919,Zfp346,4,'cns e14|whole brain e14.5',https://www.ncbi.nlm.nih.gov/gene/26919
27081,Zfp275,4,'cns e14|whole brain e14.5',https://www.ncbi.nlm.nih.gov/gene/27081
30944,Zfp354c,4,'cns e14|whole brain e14.5',https://www.ncbi.nlm.nih.gov/gene/30944
56314,Zfp113,4,'cns e14|whole brain e14.5',https://www.ncbi.nlm.nih.gov/gene/56314
57908,Zfp318,4,'cns e14|whole brain e14.5',https://www.ncbi.nlm.nih.gov/gene/57908
67255,Zfp422,4,'cns e14|whole brain e14.5',https://www.ncbi.nlm.nih.gov/gene/67255
67370,Zfp606,4,'cns e14|whole brain e14.5',https://www.ncbi.nlm.nih.gov/gene/67370
67911,Zfp169,4,'cns e14|whole brain e14.5',https://www.ncbi.nlm.nih.gov/gene/67911
68744,Zfp740,4,'cns e14|whole brain e14.5',https://www.ncbi.nlm.nih.gov/gene/68744
71591,Zfp251,4,'cns e14|whole brain e14.5',https://www.ncbi.nlm.nih.gov/gene/71591
72180,Zfp661,4,'cns e14|whole brain e14.5',https://www.ncbi.nlm.nih.gov/gene/72180
72230,Zfp558,4,'cns e14|whole brain e14.5',https://www.ncbi.nlm.nih.gov/gene/72230
72701,Zfp618,4,'cns e14|whole brain e14.5',https://www.ncbi.nlm.nih.gov/gene/72701
74120,Zfp263,4,'cns e14|whole brain e14.5',https://www.ncbi.nlm.nih.gov/gene/74120
75871,Zfp821,4,'cns e14|whole brain e14.5',https://www.ncbi.nlm.nih.gov/gene/75871
76373,Zfp773,4,'cns e14|whole brain e14.5',https://www.ncbi.nlm.nih.gov/gene/76373
94187,Zfp423,4,'cns e14|whole brain e14.5',https://www.ncbi.nlm.nih.gov/gene/94187
100515,Zfp518b,4,'cns e14|whole brain e14.5',https://www.ncbi.nlm.nih.gov/gene/100515
101095,Zfp282,4,'cns e14|whole brain e14.5',https://www.ncbi.nlm.nih.gov/gene/101095
103836,Zfp692,4,'cns e14|whole brain e14.5',https://www.ncbi.nlm.nih.gov/gene/103836
170936,Zfp369,4,'cns e14|whole brain e14.5',https://www.ncbi.nlm.nih.gov/gene/170936
192651,Zfp286,4,'cns e14|whole brain e14.5',https://www.ncbi.nlm.nih.gov/gene/192651
193452,Zfp184,4,'cns e14|whole brain e14.5',https://www.ncbi.nlm.nih.gov/gene/193452
214812,Zfp609,4,'cns e14|whole brain e14.5',https://www.ncbi.nlm.nih.gov/gene/214812
225207,Zfp521,4,'cns e14|whole brain e14.5',https://www.ncbi.nlm.nih.gov/gene/225207
228807,Zfp341,4,'cns e14|whole brain e14.5',https://www.ncbi.nlm.nih.gov/gene/228807
228876,Zfp334,4,'cns e14|whole brain e14.5',https://www.ncbi.nlm.nih.gov/gene/228876
231866,Zfp12,4,'cns e14|whole brain e14.5',https://www.ncbi.nlm.nih.gov/gene/231866
232784,Zfp212,4,'cns e14|whole brain e14.5',https://www.ncbi.nlm.nih.gov/gene/232784
232785,Zfp783,4,'cns e14|whole brain e14.5',https://www.ncbi.nlm.nih.gov/gene/232785
232969,Zfp428,4,'cns e14|whole brain e14.5',https://www.ncbi.nlm.nih.gov/gene/232969
233887,Zfp553,4,'cns e14|whole brain e14.5',https://www.ncbi.nlm.nih.gov/gene/233887
235050,Zfp810,4,'cns e14|whole brain e14.5',https://www.ncbi.nlm.nih.gov/gene/235050
237758,Zfp454,4,'cns e14|whole brain e14.5',https://www.ncbi.nlm.nih.gov/gene/237758
239546,Zfp647,4,'cns e14|whole brain e14.5',https://www.ncbi.nlm.nih.gov/gene/239546
240063,Zfp811,4,'cns e14|whole brain e14.5',https://www.ncbi.nlm.nih.gov/gene/240063
242109,Zfp697,4,'cns e14|whole brain e14.5',https://www.ncbi.nlm.nih.gov/gene/242109
242466,Zfp462,4,'cns e14|whole brain e14.5',https://www.ncbi.nlm.nih.gov/gene/242466
243833,Zfp128,4,'cns e14|whole brain e14.5',https://www.ncbi.nlm.nih.gov/gene/243833
244219,Zfp668,4,'cns e14|whole brain e14.5',https://www.ncbi.nlm.nih.gov/gene/244219
245595,Zfp711,4,'cns e14|whole brain e14.5',https://www.ncbi.nlm.nih.gov/gene/245595
269023,Zfp608,4,'cns e14|whole brain e14.5',https://www.ncbi.nlm.nih.gov/gene/269023
269401,Zfp512b,4,'cns e14|whole brain e14.5',https://www.ncbi.nlm.nih.gov/gene/269401
269639,Zfp512,4,'cns e14|whole brain e14.5',https://www.ncbi.nlm.nih.gov/gene/269639
269704,Zfp664,4,'cns e14|whole brain e14.5',https://www.ncbi.nlm.nih.gov/gene/269704
269870,Zfp446,4,'cns e14|whole brain e14.5',https://www.ncbi.nlm.nih.gov/gene/269870
272347,Zfp398,4,'cns e14|whole brain e14.5',https://www.ncbi.nlm.nih.gov/gene/272347
319601,Zfp653,4,'cns e14|whole brain e14.5',https://www.ncbi.nlm.nih.gov/gene/319601
320683,Zfp629,4,'cns e14|whole brain e14.5',https://www.ncbi.nlm.nih.gov/gene/320683
328977,Zfp532,4,'cns e14|whole brain e14.5',https://www.ncbi.nlm.nih.gov/gene/328977
330301,Zfp786,4,'cns e14|whole brain e14.5',https://www.ncbi.nlm.nih.gov/gene/330301
330788,Zfp866,4,'cns e14|whole brain e14.5',https://www.ncbi.nlm.nih.gov/gene/330788
381405,Zfp663,4,'cns e14|whole brain e14.5',https://www.ncbi.nlm.nih.gov/gene/381405
381549,Zfp69,4,'cns e14|whole brain e14.5',https://www.ncbi.nlm.nih.gov/gene/381549
382019,Zfp882,4,'cns e14|whole brain e14.5',https://www.ncbi.nlm.nih.gov/gene/382019
622675,Zfp827,4,'cns e14|whole brain e14.5',https://www.ncbi.nlm.nih.gov/gene/622675
668501,Zfp507,4,'cns e14|whole brain e14.5',https://www.ncbi.nlm.nih.gov/gene/668501
12192,Zfp36l1,5,'adrenal adult|colon adult|duodenum adult|genital fat pad adult|kidney adult|large intestine adult|lung adult|mammary gland adult|ovary adult|small intestine adult|spleen adult|stomach adult|subcutaneous fat pad adult|thymus adult',https://www.ncbi.nlm.nih.gov/gene/12192
12193,Zfp36l2,5,'adrenal adult|colon adult|duodenum adult|genital fat pad adult|kidney adult|large intestine adult|lung adult|mammary gland adult|ovary adult|small intestine adult|spleen adult|stomach adult|subcutaneous fat pad adult|thymus adult',https://www.ncbi.nlm.nih.gov/gene/12193
22673,Zfp185,5,'adrenal adult|colon adult|duodenum adult|genital fat pad adult|kidney adult|large intestine adult|lung adult|mammary gland adult|ovary adult|small intestine adult|spleen adult|stomach adult|subcutaneous fat pad adult|thymus adult',https://www.ncbi.nlm.nih.gov/gene/22673
22695,Zfp36,5,'adrenal adult|colon adult|duodenum adult|genital fat pad adult|kidney adult|large intestine adult|lung adult|mammary gland adult|ovary adult|small intestine adult|spleen adult|stomach adult|subcutaneous fat pad adult|thymus adult',https://www.ncbi.nlm.nih.gov/gene/22695
22722,Zfp64,5,'adrenal adult|colon adult|duodenum adult|genital fat pad adult|kidney adult|large intestine adult|lung adult|mammary gland adult|ovary adult|small intestine adult|spleen adult|stomach adult|subcutaneous fat pad adult|thymus adult',https://www.ncbi.nlm.nih.gov/gene/22722
22761,Zfpm1,5,'adrenal adult|colon adult|duodenum adult|genital fat pad adult|kidney adult|large intestine adult|lung adult|mammary gland adult|ovary adult|small intestine adult|spleen adult|stomach adult|subcutaneous fat pad adult|thymus adult',https://www.ncbi.nlm.nih.gov/gene/22761
52521,Zfp622,5,'adrenal adult|colon adult|duodenum adult|genital fat pad adult|kidney adult|large intestine adult|lung adult|mammary gland adult|ovary adult|small intestine adult|spleen adult|stomach adult|subcutaneous fat pad adult|thymus adult',https://www.ncbi.nlm.nih.gov/gene/52521
54201,Zfp316,5,'adrenal adult|colon adult|duodenum adult|genital fat pad adult|kidney adult|large intestine adult|lung adult|mammary gland adult|ovary adult|small intestine adult|spleen adult|stomach adult|subcutaneous fat pad adult|thymus adult',https://www.ncbi.nlm.nih.gov/gene/54201
57247,Zfp276,5,'adrenal adult|colon adult|duodenum adult|genital fat pad adult|kidney adult|large intestine adult|lung adult|mammary gland adult|ovary adult|small intestine adult|spleen adult|stomach adult|subcutaneous fat pad adult|thymus adult',https://www.ncbi.nlm.nih.gov/gene/57247
58894,Zfp862-ps,5,'adrenal adult|colon adult|duodenum adult|genital fat pad adult|kidney adult|large intestine adult|lung adult|mammary gland adult|ovary adult|small intestine adult|spleen adult|stomach adult|subcutaneous fat pad adult|thymus adult',https://www.ncbi.nlm.nih.gov/gene/58894
63872,Zfp296,5,'adrenal adult|colon adult|duodenum adult|genital fat pad adult|kidney adult|large intestine adult|lung adult|mammary gland adult|ovary adult|small intestine adult|spleen adult|stomach adult|subcutaneous fat pad adult|thymus adult',https://www.ncbi.nlm.nih.gov/gene/63872
66056,Zfp524,5,'adrenal adult|colon adult|duodenum adult|genital fat pad adult|kidney adult|large intestine adult|lung adult|mammary gland adult|ovary adult|small intestine adult|spleen adult|stomach adult|subcutaneous fat pad adult|thymus adult',https://www.ncbi.nlm.nih.gov/gene/66056
67109,Zfp787,5,'adrenal adult|colon adult|duodenum adult|genital fat pad adult|kidney adult|large intestine adult|lung adult|mammary gland adult|ovary adult|small intestine adult|spleen adult|stomach adult|subcutaneous fat pad adult|thymus adult',https://www.ncbi.nlm.nih.gov/gene/67109
68036,Zfp706,5,'adrenal adult|colon adult|duodenum adult|genital fat pad adult|kidney adult|large intestine adult|lung adult|mammary gland adult|ovary adult|small intestine adult|spleen adult|stomach adult|subcutaneous fat pad adult|thymus adult',https://www.ncbi.nlm.nih.gov/gene/68036
68040,Zfp593,5,'adrenal adult|colon adult|duodenum adult|genital fat pad adult|kidney adult|large intestine adult|lung adult|mammary gland adult|ovary adult|small intestine adult|spleen adult|stomach adult|subcutaneous fat pad adult|thymus adult',https://www.ncbi.nlm.nih.gov/gene/68040
68490,Zfp579,5,'adrenal adult|colon adult|duodenum adult|genital fat pad adult|kidney adult|large intestine adult|lung adult|mammary gland adult|ovary adult|small intestine adult|spleen adult|stomach adult|subcutaneous fat pad adult|thymus adult',https://www.ncbi.nlm.nih.gov/gene/68490
68910,Zfp467,5,'adrenal adult|colon adult|duodenum adult|genital fat pad adult|kidney adult|large intestine adult|lung adult|mammary gland adult|ovary adult|small intestine adult|spleen adult|stomach adult|subcutaneous fat pad adult|thymus adult',https://www.ncbi.nlm.nih.gov/gene/68910
68992,Zfp580,5,'adrenal adult|colon adult|duodenum adult|genital fat pad adult|kidney adult|large intestine adult|lung adult|mammary gland adult|ovary adult|small intestine adult|spleen adult|stomach adult|subcutaneous fat pad adult|thymus adult',https://www.ncbi.nlm.nih.gov/gene/68992
69020,Zfp707,5,'adrenal adult|colon adult|duodenum adult|genital fat pad adult|kidney adult|large intestine adult|lung adult|mammary gland adult|ovary adult|small intestine adult|spleen adult|stomach adult|subcutaneous fat pad adult|thymus adult',https://www.ncbi.nlm.nih.gov/gene/69020
69228,Zfp746,5,'adrenal adult|colon adult|duodenum adult|genital fat pad adult|kidney adult|large intestine adult|lung adult|mammary gland adult|ovary adult|small intestine adult|spleen adult|stomach adult|subcutaneous fat pad adult|thymus adult',https://www.ncbi.nlm.nih.gov/gene/69228
69234,Zfp688,5,'adrenal adult|colon adult|duodenum adult|genital fat pad adult|kidney adult|large intestine adult|lung adult|mammary gland adult|ovary adult|small intestine adult|spleen adult|stomach adult|subcutaneous fat pad adult|thymus adult',https://www.ncbi.nlm.nih.gov/gene/69234
69752,Zfp511,5,'adrenal adult|colon adult|duodenum adult|genital fat pad adult|kidney adult|large intestine adult|lung adult|mammary gland adult|ovary adult|small intestine adult|spleen adult|stomach adult|subcutaneous fat pad adult|thymus adult',https://www.ncbi.nlm.nih.gov/gene/69752
69890,Zfp219,5,'adrenal adult|colon adult|duodenum adult|genital fat pad adult|kidney adult|large intestine adult|lung adult|mammary gland adult|ovary adult|small intestine adult|spleen adult|stomach adult|subcutaneous fat pad adult|thymus adult',https://www.ncbi.nlm.nih.gov/gene/69890
71131,Zfp689,5,'adrenal adult|colon adult|duodenum adult|genital fat pad adult|kidney adult|large intestine adult|lung adult|mammary gland adult|ovary adult|small intestine adult|spleen adult|stomach adult|subcutaneous fat pad adult|thymus adult',https://www.ncbi.nlm.nih.gov/gene/71131
72306,Zfp777,5,'adrenal adult|colon adult|duodenum adult|genital fat pad adult|kidney adult|large intestine adult|lung adult|mammary gland adult|ovary adult|small intestine adult|spleen adult|stomach adult|subcutaneous fat pad adult|thymus adult',https://www.ncbi.nlm.nih.gov/gene/72306
72667,Zfp444,5,'adrenal adult|colon adult|duodenum adult|genital fat pad adult|kidney adult|large intestine adult|lung adult|mammary gland adult|ovary adult|small intestine adult|spleen adult|stomach adult|subcutaneous fat pad adult|thymus adult',https://www.ncbi.nlm.nih.gov/gene/72667
72805,Zfp839,5,'adrenal adult|colon adult|duodenum adult|genital fat pad adult|kidney adult|large intestine adult|lung adult|mammary gland adult|ovary adult|small intestine adult|spleen adult|stomach adult|subcutaneous fat pad adult|thymus adult',https://www.ncbi.nlm.nih.gov/gene/72805
77264,Zfp142,5,'adrenal adult|colon adult|duodenum adult|genital fat pad adult|kidney adult|large intestine adult|lung adult|mammary gland adult|ovary adult|small intestine adult|spleen adult|stomach adult|subcutaneous fat pad adult|thymus adult',https://www.ncbi.nlm.nih.gov/gene/77264
78266,Zfp687,5,'adrenal adult|colon adult|duodenum adult|genital fat pad adult|kidney adult|large intestine adult|lung adult|mammary gland adult|ovary adult|small intestine adult|spleen adult|stomach adult|subcutaneous fat pad adult|thymus adult',https://www.ncbi.nlm.nih.gov/gene/78266
79233,Zfp319,5,'adrenal adult|colon adult|duodenum adult|genital fat pad adult|kidney adult|large intestine adult|lung adult|mammary gland adult|ovary adult|small intestine adult|spleen adult|stomach adult|subcutaneous fat pad adult|thymus adult',https://www.ncbi.nlm.nih.gov/gene/79233
81909,Zfpl1,5,'adrenal adult|colon adult|duodenum adult|genital fat pad adult|kidney adult|large intestine adult|lung adult|mammary gland adult|ovary adult|small intestine adult|spleen adult|stomach adult|subcutaneous fat pad adult|thymus adult',https://www.ncbi.nlm.nih.gov/gene/81909
101023,Zfp513,5,'adrenal adult|colon adult|duodenum adult|genital fat pad adult|kidney adult|large intestine adult|lung adult|mammary gland adult|ovary adult|small intestine adult|spleen adult|stomach adult|subcutaneous fat pad adult|thymus adult',https://www.ncbi.nlm.nih.gov/gene/101023
140482,Zfp358,5,'adrenal adult|colon adult|duodenum adult|genital fat pad adult|kidney adult|large intestine adult|lung adult|mammary gland adult|ovary adult|small intestine adult|spleen adult|stomach adult|subcutaneous fat pad adult|thymus adult',https://www.ncbi.nlm.nih.gov/gene/140482
195209,Zfp469,5,'adrenal adult|colon adult|duodenum adult|genital fat pad adult|kidney adult|large intestine adult|lung adult|mammary gland adult|ovary adult|small intestine adult|spleen adult|stomach adult|subcutaneous fat pad adult|thymus adult',https://www.ncbi.nlm.nih.gov/gene/195209
195522,Zfp691,5,'adrenal adult|colon adult|duodenum adult|genital fat pad adult|kidney adult|large intestine adult|lung adult|mammary gland adult|ovary adult|small intestine adult|spleen adult|stomach adult|subcutaneous fat pad adult|thymus adult',https://www.ncbi.nlm.nih.gov/gene/195522
209225,Zfp710,5,'adrenal adult|colon adult|duodenum adult|genital fat pad adult|kidney adult|large intestine adult|lung adult|mammary gland adult|ovary adult|small intestine adult|spleen adult|stomach adult|subcutaneous fat pad adult|thymus adult',https://www.ncbi.nlm.nih.gov/gene/209225
210172,Zfp526,5,'adrenal adult|colon adult|duodenum adult|genital fat pad adult|kidney adult|large intestine adult|lung adult|mammary gland adult|ovary adult|small intestine adult|spleen adult|stomach adult|subcutaneous fat pad adult|thymus adult',https://www.ncbi.nlm.nih.gov/gene/210172
213753,Zfp598,5,'adrenal adult|colon adult|duodenum adult|genital fat pad adult|kidney adult|large intestine adult|lung adult|mammary gland adult|ovary adult|small intestine adult|spleen adult|stomach adult|subcutaneous fat pad adult|thymus adult',https://www.ncbi.nlm.nih.gov/gene/213753
218820,Zfp503,5,'adrenal adult|colon adult|duodenum adult|genital fat pad adult|kidney adult|large intestine adult|lung adult|mammary gland adult|ovary adult|small intestine adult|spleen adult|stomach adult|subcutaneous fat pad adult|thymus adult',https://www.ncbi.nlm.nih.gov/gene/218820
224656,Zfp523,5,'adrenal adult|colon adult|duodenum adult|genital fat pad adult|kidney adult|large intestine adult|lung adult|mammary gland adult|ovary adult|small intestine adult|spleen adult|stomach adult|subcutaneous fat pad adult|thymus adult',https://www.ncbi.nlm.nih.gov/gene/224656
230761,Zfp362,5,'adrenal adult|colon adult|duodenum adult|genital fat pad adult|kidney adult|large intestine adult|lung adult|mammary gland adult|ovary adult|small intestine adult|spleen adult|stomach adult|subcutaneous fat pad adult|thymus adult',https://www.ncbi.nlm.nih.gov/gene/230761
232816,Zfp628,5,'adrenal adult|colon adult|duodenum adult|genital fat pad adult|kidney adult|large intestine adult|lung adult|mammary gland adult|ovary adult|small intestine adult|spleen adult|stomach adult|subcutaneous fat pad adult|thymus adult',https://www.ncbi.nlm.nih.gov/gene/232816
233410,Zfp592,5,'adrenal adult|colon adult|duodenum adult|genital fat pad adult|kidney adult|large intestine adult|lung adult|mammary gland adult|ovary adult|small intestine adult|spleen adult|stomach adult|subcutaneous fat pad adult|thymus adult',https://www.ncbi.nlm.nih.gov/gene/233410
233890,Zfp768,5,'adrenal adult|colon adult|duodenum adult|genital fat pad adult|kidney adult|large intestine adult|lung adult|mammary gland adult|ovary adult|small intestine adult|spleen adult|stomach adult|subcutaneous fat pad adult|thymus adult',https://www.ncbi.nlm.nih.gov/gene/233890
233893,Zfp764,5,'adrenal adult|colon adult|duodenum adult|genital fat pad adult|kidney adult|large intestine adult|lung adult|mammary gland adult|ovary adult|small intestine adult|spleen adult|stomach adult|subcutaneous fat pad adult|thymus adult',https://www.ncbi.nlm.nih.gov/gene/233893
238803,Zfp366,5,'adrenal adult|colon adult|duodenum adult|genital fat pad adult|kidney adult|large intestine adult|lung adult|mammary gland adult|ovary adult|small intestine adult|spleen adult|stomach adult|subcutaneous fat pad adult|thymus adult',https://www.ncbi.nlm.nih.gov/gene/238803
243372,Zfp775,5,'adrenal adult|colon adult|duodenum adult|genital fat pad adult|kidney adult|large intestine adult|lung adult|mammary gland adult|ovary adult|small intestine adult|spleen adult|stomach adult|subcutaneous fat pad adult|thymus adult',https://www.ncbi.nlm.nih.gov/gene/243372
243834,Zfp324,5,'adrenal adult|colon adult|duodenum adult|genital fat pad adult|kidney adult|large intestine adult|lung adult|mammary gland adult|ovary adult|small intestine adult|spleen adult|stomach adult|subcutaneous fat pad adult|thymus adult',https://www.ncbi.nlm.nih.gov/gene/243834
244216,Zfp771,5,'adrenal adult|colon adult|duodenum adult|genital fat pad adult|kidney adult|large intestine adult|lung adult|mammary gland adult|ovary adult|small intestine adult|spleen adult|stomach adult|subcutaneous fat pad adult|thymus adult',https://www.ncbi.nlm.nih.gov/gene/244216
268469,Zfp652,5,'adrenal adult|colon adult|duodenum adult|genital fat pad adult|kidney adult|large intestine adult|lung adult|mammary gland adult|ovary adult|small intestine adult|spleen adult|stomach adult|subcutaneous fat pad adult|thymus adult',https://www.ncbi.nlm.nih.gov/gene/268469
269800,Zfp384,5,'adrenal adult|colon adult|duodenum adult|genital fat pad adult|kidney adult|large intestine adult|lung adult|mammary gland adult|ovary adult|small intestine adult|spleen adult|stomach adult|subcutaneous fat pad adult|thymus adult',https://www.ncbi.nlm.nih.gov/gene/269800
269997,Zfp747,5,'adrenal adult|colon adult|duodenum adult|genital fat pad adult|kidney adult|large intestine adult|lung adult|mammary gland adult|ovary adult|small intestine adult|spleen adult|stomach adult|subcutaneous fat pad adult|thymus adult',https://www.ncbi.nlm.nih.gov/gene/269997
270210,Zfp651,5,'adrenal adult|colon adult|duodenum adult|genital fat pad adult|kidney adult|large intestine adult|lung adult|mammary gland adult|ovary adult|small intestine adult|spleen adult|stomach adult|subcutaneous fat pad adult|thymus adult',https://www.ncbi.nlm.nih.gov/gene/270210
319475,Zfp672,5,'adrenal adult|colon adult|duodenum adult|genital fat pad adult|kidney adult|large intestine adult|lung adult|mammary gland adult|ovary adult|small intestine adult|spleen adult|stomach adult|subcutaneous fat pad adult|thymus adult',https://www.ncbi.nlm.nih.gov/gene/319475
319530,Zfp750,5,'adrenal adult|colon adult|duodenum adult|genital fat pad adult|kidney adult|large intestine adult|lung adult|mammary gland adult|ovary adult|small intestine adult|spleen adult|stomach adult|subcutaneous fat pad adult|thymus adult',https://www.ncbi.nlm.nih.gov/gene/319530
319748,Zfp865,5,'adrenal adult|colon adult|duodenum adult|genital fat pad adult|kidney adult|large intestine adult|lung adult|mammary gland adult|ovary adult|small intestine adult|spleen adult|stomach adult|subcutaneous fat pad adult|thymus adult',https://www.ncbi.nlm.nih.gov/gene/319748
328801,Zfp414,5,'adrenal adult|colon adult|duodenum adult|genital fat pad adult|kidney adult|large intestine adult|lung adult|mammary gland adult|ovary adult|small intestine adult|spleen adult|stomach adult|subcutaneous fat pad adult|thymus adult',https://www.ncbi.nlm.nih.gov/gene/328801
329002,Zfp236,5,'adrenal adult|colon adult|duodenum adult|genital fat pad adult|kidney adult|large intestine adult|lung adult|mammary gland adult|ovary adult|small intestine adult|spleen adult|stomach adult|subcutaneous fat pad adult|thymus adult',https://www.ncbi.nlm.nih.gov/gene/329002
329003,Zfp516,5,'adrenal adult|colon adult|duodenum adult|genital fat pad adult|kidney adult|large intestine adult|lung adult|mammary gland adult|ovary adult|small intestine adult|spleen adult|stomach adult|subcutaneous fat pad adult|thymus adult',https://www.ncbi.nlm.nih.gov/gene/329003
329559,Zfp335,5,'adrenal adult|colon adult|duodenum adult|genital fat pad adult|kidney adult|large intestine adult|lung adult|mammary gland adult|ovary adult|small intestine adult|spleen adult|stomach adult|subcutaneous fat pad adult|thymus adult',https://www.ncbi.nlm.nih.gov/gene/329559
353310,Zfp703,5,'adrenal adult|colon adult|duodenum adult|genital fat pad adult|kidney adult|large intestine adult|lung adult|mammary gland adult|ovary adult|small intestine adult|spleen adult|stomach adult|subcutaneous fat pad adult|thymus adult',https://www.ncbi.nlm.nih.gov/gene/353310
380912,Zfp395,5,'adrenal adult|colon adult|duodenum adult|genital fat pad adult|kidney adult|large intestine adult|lung adult|mammary gland adult|ovary adult|small intestine adult|spleen adult|stomach adult|subcutaneous fat pad adult|thymus adult',https://www.ncbi.nlm.nih.gov/gene/380912
381410,Zfp408,5,'adrenal adult|colon adult|duodenum adult|genital fat pad adult|kidney adult|large intestine adult|lung adult|mammary gland adult|ovary adult|small intestine adult|spleen adult|stomach adult|subcutaneous fat pad adult|thymus adult',https://www.ncbi.nlm.nih.gov/gene/381410
385674,Zfp174,5,'adrenal adult|colon adult|duodenum adult|genital fat pad adult|kidney adult|large intestine adult|lung adult|mammary gland adult|ovary adult|small intestine adult|spleen adult|stomach adult|subcutaneous fat pad adult|thymus adult',https://www.ncbi.nlm.nih.gov/gene/385674
449521,Zfp213,5,'adrenal adult|colon adult|duodenum adult|genital fat pad adult|kidney adult|large intestine adult|lung adult|mammary gland adult|ovary adult|small intestine adult|spleen adult|stomach adult|subcutaneous fat pad adult|thymus adult',https://www.ncbi.nlm.nih.gov/gene/449521
629777,Zfp335os,5,'adrenal adult|colon adult|duodenum adult|genital fat pad adult|kidney adult|large intestine adult|lung adult|mammary gland adult|ovary adult|small intestine adult|spleen adult|stomach adult|subcutaneous fat pad adult|thymus adult',https://www.ncbi.nlm.nih.gov/gene/629777
654801,Zfp784,5,'adrenal adult|colon adult|duodenum adult|genital fat pad adult|kidney adult|large intestine adult|lung adult|mammary gland adult|ovary adult|small intestine adult|spleen adult|stomach adult|subcutaneous fat pad adult|thymus adult',https://www.ncbi.nlm.nih.gov/gene/654801
100043757,Zfp831,5,'adrenal adult|colon adult|duodenum adult|genital fat pad adult|kidney adult|large intestine adult|lung adult|mammary gland adult|ovary adult|small intestine adult|spleen adult|stomach adult|subcutaneous fat pad adult|thymus adult',https://www.ncbi.nlm.nih.gov/gene/100043757
100503355,Zfp648,5,'adrenal adult|colon adult|duodenum adult|genital fat pad adult|kidney adult|large intestine adult|lung adult|mammary gland adult|ovary adult|small intestine adult|spleen adult|stomach adult|subcutaneous fat pad adult|thymus adult',https://www.ncbi.nlm.nih.gov/gene/100503355
